user_id,username,email,password,first_name,last_name,date_of_birth
1,taylorgarcia1,taylorgarcia1@example.com,REDACTED,Taylor,Garcia,1999-04-15
2,drewtorres2,drewtorres2@example.com,REDACTED,Drew,Torres,1995-08-21
3,caseylopez3,caseylopez3@example.com,REDACTED,Casey,Lopez,1999-10-19
4,taylorbrown4,taylorbrown4@example.com,REDACTED,Taylor,Brown,1999-11-11
5,jamielee5,jamielee5@example.com,REDACTED,Jamie,Lee,1998-05-04
6,devonreyes6,devonreyes6@example.com,REDACTED,Devon,Reyes,1998-08-03
7,alexsantos7,alexsantos7@example.com,REDACTED,Alex,Santos,2000-05-02
8,pattorres8,pattorres8@example.com,REDACTED,Pat,Torres,1998-12-06
9,emersonclark9,emersonclark9@example.com,REDACTED,Emerson,Clark,2004-12-21
10,alexbrown10,alexbrown10@example.com,REDACTED,Alex,Brown,2005-12-26
11,patbrown11,patbrown11@example.com,REDACTED,Pat,Brown,2000-12-25
12,devontorres12,devontorres12@example.com,REDACTED,Devon,Torres,2005-11-27
13,averylee13,averylee13@example.com,REDACTED,Avery,Lee,1996-12-16
14,drewgarcia14,drewgarcia14@example.com,REDACTED,Drew,Garcia,2003-12-23
15,jordanmartinez15,jordanmartinez15@example.com,REDACTED,Jordan,Martinez,2002-09-03
16,rileynguyen16,rileynguyen16@example.com,REDACTED,Riley,Nguyen,2001-03-07
17,chrisrivera17,chrisrivera17@example.com,REDACTED,Chris,Rivera,2001-09-07
18,rileygonzalez18,rileygonzalez18@example.com,REDACTED,Riley,Gonzalez,2004-04-25
19,jamiechen19,jamiechen19@example.com,REDACTED,Jamie,Chen,2004-10-09
20,taylorsingh20,taylorsingh20@example.com,REDACTED,Taylor,Singh,1996-05-02
21,cameronclark21,cameronclark21@example.com,REDACTED,Cameron,Clark,2002-12-15
22,drewreyes22,drewreyes22@example.com,REDACTED,Drew,Reyes,1999-12-08
23,averybrown23,averybrown23@example.com,REDACTED,Avery,Brown,2003-01-04
24,taylorchen24,taylorchen24@example.com,REDACTED,Taylor,Chen,2004-08-04
25,jamiebrown25,jamiebrown25@example.com,REDACTED,Jamie,Brown,2004-06-22
26,morganclark26,morganclark26@example.com,REDACTED,Morgan,Clark,1996-04-22
27,cameronlee27,cameronlee27@example.com,REDACTED,Cameron,Lee,2004-10-12
28,patsantos28,patsantos28@example.com,REDACTED,Pat,Santos,2004-10-04
29,samtorres29,samtorres29@example.com,REDACTED,Sam,Torres,1998-07-25
30,morgansantos30,morgansantos30@example.com,REDACTED,Morgan,Santos,1998-05-16
31,caseygonzalez31,caseygonzalez31@example.com,REDACTED,Casey,Gonzalez,2004-05-24
32,quinnnguyen32,quinnnguyen32@example.com,REDACTED,Quinn,Nguyen,1996-09-13
33,averysingh33,averysingh33@example.com,REDACTED,Avery,Singh,1997-01-25
34,jordansingh34,jordansingh34@example.com,REDACTED,Jordan,Singh,1999-09-24
35,cameronrivera35,cameronrivera35@example.com,REDACTED,Cameron,Rivera,2005-12-08
36,drewsantos36,drewsantos36@example.com,REDACTED,Drew,Santos,1998-11-19
37,skydelacruz37,skydelacruz37@example.com,REDACTED,Sky,DelaCruz,2005-08-03
38,reesetorres38,reesetorres38@example.com,REDACTED,Reese,Torres,2003-01-27
39,jordandiaz39,jordandiaz39@example.com,REDACTED,Jordan,Diaz,2001-10-07
40,quinnnguyen40,quinnnguyen40@example.com,REDACTED,Quinn,Nguyen,1996-09-07
41,reesetorres41,reesetorres41@example.com,REDACTED,Reese,Torres,1997-08-12
42,rileyreyes42,rileyreyes42@example.com,REDACTED,Riley,Reyes,2004-01-16
43,caseyreyes43,caseyreyes43@example.com,REDACTED,Casey,Reyes,1999-07-24
44,rileychen44,rileychen44@example.com,REDACTED,Riley,Chen,2001-03-12
45,drewsantos45,drewsantos45@example.com,REDACTED,Drew,Santos,1998-06-27
46,patlee46,patlee46@example.com,REDACTED,Pat,Lee,2003-01-03
47,rileyrivera47,rileyrivera47@example.com,REDACTED,Riley,Rivera,2001-03-01
48,rowanchen48,rowanchen48@example.com,REDACTED,Rowan,Chen,2001-10-23
49,averylopez49,averylopez49@example.com,REDACTED,Avery,Lopez,1999-11-09
50,drewlopez50,drewlopez50@example.com,REDACTED,Drew,Lopez,1996-10-13
51,caseybrown51,caseybrown51@example.com,REDACTED,Casey,Brown,2003-07-17
52,reesenguyen52,reesenguyen52@example.com,REDACTED,Reese,Nguyen,2002-04-05
53,blakemartinez53,blakemartinez53@example.com,REDACTED,Blake,Martinez,1999-07-13
54,blakechen54,blakechen54@example.com,REDACTED,Blake,Chen,1995-04-13
55,camerontorres55,camerontorres55@example.com,REDACTED,Cameron,Torres,1999-11-19
56,chrissmith56,chrissmith56@example.com,REDACTED,Chris,Smith,2000-12-02
57,rowansantos57,rowansantos57@example.com,REDACTED,Rowan,Santos,1996-09-21
58,samgonzalez58,samgonzalez58@example.com,REDACTED,Sam,Gonzalez,2000-12-12
59,chrisdelacruz59,chrisdelacruz59@example.com,REDACTED,Chris,DelaCruz,2002-11-26
60,devonclark60,devonclark60@example.com,REDACTED,Devon,Clark,1999-12-25
61,jamiechen61,jamiechen61@example.com,REDACTED,Jamie,Chen,1999-01-01
62,quinnclark62,quinnclark62@example.com,REDACTED,Quinn,Clark,1997-11-25
63,averysmith63,averysmith63@example.com,REDACTED,Avery,Smith,2002-09-03
64,drewbrown64,drewbrown64@example.com,REDACTED,Drew,Brown,1999-06-08
65,alexgonzalez65,alexgonzalez65@example.com,REDACTED,Alex,Gonzalez,1995-09-05
66,reesenguyen66,reesenguyen66@example.com,REDACTED,Reese,Nguyen,2005-03-10
67,rileygonzalez67,rileygonzalez67@example.com,REDACTED,Riley,Gonzalez,1998-11-22
68,morganmartinez68,morganmartinez68@example.com,REDACTED,Morgan,Martinez,1998-09-20
69,jordandiaz69,jordandiaz69@example.com,REDACTED,Jordan,Diaz,2005-01-26
70,alexnguyen70,alexnguyen70@example.com,REDACTED,Alex,Nguyen,2002-12-07
71,emersondelacruz71,emersondelacruz71@example.com,REDACTED,Emerson,DelaCruz,2004-03-17
72,emersongonzalez72,emersongonzalez72@example.com,REDACTED,Emerson,Gonzalez,2001-01-24
73,morgansmith73,morgansmith73@example.com,REDACTED,Morgan,Smith,2005-11-17
74,skyrivera74,skyrivera74@example.com,REDACTED,Sky,Rivera,2004-02-22
75,chrissingh75,chrissingh75@example.com,REDACTED,Chris,Singh,1999-05-01
76,jordanbrown76,jordanbrown76@example.com,REDACTED,Jordan,Brown,2005-03-02
77,emersongarcia77,emersongarcia77@example.com,REDACTED,Emerson,Garcia,2001-12-26
78,skykim78,skykim78@example.com,REDACTED,Sky,Kim,2000-07-04
79,rowangarcia79,rowangarcia79@example.com,REDACTED,Rowan,Garcia,1999-11-24
80,taylorsingh80,taylorsingh80@example.com,REDACTED,Taylor,Singh,1995-01-06
81,morgantorres81,morgantorres81@example.com,REDACTED,Morgan,Torres,1998-05-20
82,samtorres82,samtorres82@example.com,REDACTED,Sam,Torres,2004-06-22
83,blakesantos83,blakesantos83@example.com,REDACTED,Blake,Santos,1995-01-09
84,jamiejohnson84,jamiejohnson84@example.com,REDACTED,Jamie,Johnson,1995-06-16
85,jamiebrown85,jamiebrown85@example.com,REDACTED,Jamie,Brown,2003-04-27
86,chrislopez86,chrislopez86@example.com,REDACTED,Chris,Lopez,2002-03-26
87,rowanbrown87,rowanbrown87@example.com,REDACTED,Rowan,Brown,2003-03-20
88,jordannguyen88,jordannguyen88@example.com,REDACTED,Jordan,Nguyen,1999-04-09
89,emersonclark89,emersonclark89@example.com,REDACTED,Emerson,Clark,2005-08-07
90,devonrivera90,devonrivera90@example.com,REDACTED,Devon,Rivera,2004-08-01
91,reeserivera91,reeserivera91@example.com,REDACTED,Reese,Rivera,1995-12-25
92,morganchen92,morganchen92@example.com,REDACTED,Morgan,Chen,1997-02-23
93,camerondiaz93,camerondiaz93@example.com,REDACTED,Cameron,Diaz,1996-03-07
94,emersondiaz94,emersondiaz94@example.com,REDACTED,Emerson,Diaz,1996-09-20
95,taylortorres95,taylortorres95@example.com,REDACTED,Taylor,Torres,2005-02-01
96,caseysantos96,caseysantos96@example.com,REDACTED,Casey,Santos,2001-05-27
97,rileygarcia97,rileygarcia97@example.com,REDACTED,Riley,Garcia,1989-09-09
98,blakebrown98,blakebrown98@example.com,REDACTED,Blake,Brown,1993-03-16
99,caseylee99,caseylee99@example.com,REDACTED,Casey,Lee,1993-04-24
100,caseygarcia100,caseygarcia100@example.com,REDACTED,Casey,Garcia,1990-08-01
101,jamiereyes101,jamiereyes101@example.com,REDACTED,Jamie,Reyes,1988-04-11
102,caseysantos102,caseysantos102@example.com,REDACTED,Casey,Santos,1995-08-04
103,samkim103,samkim103@example.com,REDACTED,Sam,Kim,1990-08-20
104,jamiesmith104,jamiesmith104@example.com,REDACTED,Jamie,Smith,1993-09-03
105,caseynguyen105,caseynguyen105@example.com,REDACTED,Casey,Nguyen,1987-02-14
106,rowanrivera106,rowanrivera106@example.com,REDACTED,Rowan,Rivera,1994-02-22
107,reeselopez107,reeselopez107@example.com,REDACTED,Reese,Lopez,1993-09-04
108,blakelee108,blakelee108@example.com,REDACTED,Blake,Lee,1995-04-01
109,rowantorres109,rowantorres109@example.com,REDACTED,Rowan,Torres,1991-04-24
110,rowanmartinez110,rowanmartinez110@example.com,REDACTED,Rowan,Martinez,1988-07-03
111,patgonzalez111,patgonzalez111@example.com,REDACTED,Pat,Gonzalez,1995-01-16
112,taylormartinez112,taylormartinez112@example.com,REDACTED,Taylor,Martinez,1985-03-22
113,cameronmartinez113,cameronmartinez113@example.com,REDACTED,Cameron,Martinez,1989-06-14
114,devondiaz114,devondiaz114@example.com,REDACTED,Devon,Diaz,1990-06-13
115,samgonzalez115,samgonzalez115@example.com,REDACTED,Sam,Gonzalez,1993-06-08
116,samchen116,samchen116@example.com,REDACTED,Sam,Chen,1985-11-02
117,rileygonzalez117,rileygonzalez117@example.com,REDACTED,Riley,Gonzalez,1991-01-15
118,caseyrivera118,caseyrivera118@example.com,REDACTED,Casey,Rivera,1995-05-16
119,patbrown119,patbrown119@example.com,REDACTED,Pat,Brown,1993-04-03
120,averylopez120,averylopez120@example.com,REDACTED,Avery,Lopez,1995-01-12
